<annotation>
	<folder>images</folder>
	<filename>img54.jpg</filename>
	<path>E:\nycu\embedding_system\final_project\images\img54.jpg</path>
	<source>
		<database>Unknown</database>
	</source>
	<size>
		<width>400</width>
		<height>400</height>
		<depth>1</depth>
	</size>
	<segmented>0</segmented>
	<object>
		<name>Plate</name>
		<pose>Unspecified</pose>
		<truncated>0</truncated>
		<difficult>0</difficult>
		<bndbox>
			<xmin>54</xmin>
			<ymin>74</ymin>
			<xmax>332</xmax>
			<ymax>322</ymax>
		</bndbox>
	</object>
</annotation>
