<annotation>
	<folder>images</folder>
	<filename>img519.jpg</filename>
	<path>E:\nycu\embedding_system\final_project\images\img519.jpg</path>
	<source>
		<database>Unknown</database>
	</source>
	<size>
		<width>400</width>
		<height>400</height>
		<depth>1</depth>
	</size>
	<segmented>0</segmented>
	<object>
		<name>Plate</name>
		<pose>Unspecified</pose>
		<truncated>0</truncated>
		<difficult>0</difficult>
		<bndbox>
			<xmin>125</xmin>
			<ymin>84</ymin>
			<xmax>288</xmax>
			<ymax>314</ymax>
		</bndbox>
	</object>
</annotation>
